,Uniprot ID,Recommended Segment,Probability,Positions
0, A0A0K0QSV4,MDMKRRKTL,0.78,"(588, 596)"
1, B5X0I6_1,ERRRKKGGKRRKKDKSSRAR,0.96,"(951, 970)"
2, F4JCB2,EPKAKRRKIE,0.87,"(304, 313)"
3, P42736,TEPGKRRKRKNVYRGIRKR,0.94,"(67, 85)"
4, Q67XX3,SKRRKSKSKRLKL,0.99,"(11, 23)"
5, Q6NQK2,GTRKRRKIHD,0.98,"(134, 143)"
6, Q7DMA9,KRRKKI,0.75,"(24, 29)"
7, Q8GYJ3,TKRRKQQRRNE,0.94,"(122, 132)"
8, Q8LEA8,VRKRRKICR,0.91,"(196, 204)"
9, Q946J8,RFIGAKRRKSGSVKRFKQ,0.81,"(309, 326)"
10, Q9C516,KRRKKKKK,0.89,"(166, 173)"
11, Q9C5X4_1,KKRRKI,0.85,"(132, 137)"
12, Q9FFK8,KRRKRRGRG,0.95,"(812, 820)"
13, Q9FKW0,RQKKRRKR,0.98,"(306, 313)"
14, Q9LUR0,VGVRCTPNSKKRRKGRSD,0.75,"(648, 665)"
15, Q9LX99_2,HKRRKILQQMK,0.99,"(5, 15)"
16, Q9M2N5,QPIKRRKKKSMV,0.93,"(59, 70)"
17, Q9SCR2,TVKRRK,0.98,"(21, 26)"
18, Q9SHG6,RRKRRKDR,0.96,"(63, 70)"
19, Q9SI37,TAKRRKKGGNIELSPVERSTNDSRIVVH,0.92,"(271, 298)"
20, F4HY61,GTRKRRKV,0.98,"(153, 160)"
21, O49459,GTRKRRKV,0.98,"(135, 142)"
22, O82491_2,RKRRKM,0.98,"(17, 22)"
23, Q0IGK1,IYKYKRRKDRR,0.99,"(6, 16)"
24, Q66LG9,KQTNKRRKRG,0.96,"(551, 560)"
25, Q9M0V4,EPKKRRKVS,0.98,"(31, 39)"
26, Q9SGD1,KKRRKMK,0.95,"(142, 148)"
27, F4IFD0,KRMRGKERVRRKGMGKRRKGI,0.92,"(490, 510)"
28, Q9SG11,RPKRRKRRWLFKKV,0.97,"(47, 60)"
29, D0VWM8,AKRRKV,0.95,"(139, 144)"
30, O01737_2,KRRKTR,0.97,"(49, 54)"
31, P34314,TDKKTRKRRKAGPT,0.97,"(269, 282)"
32, P34537,GQQKRRKIQ,0.98,"(22, 30)"
33, P41848,SKRRK,0.92,"(522, 526)"
34, Q09477,RKRRKG,0.94,"(162, 167)"
35, Q11184,RSGKPRRGPNSKKRRK,0.86,"(187, 202)"
36, Q867X0,PTMKRRKLT,0.98,"(32, 40)"
37, G5EG51_1,RQRSRSREKKRRKKERRRKR,0.73,"(163, 182)"
38, Q5AP95,KMKRPTIKRRKRNVSDKKSK,0.98,"(222, 241)"
39, P49584,KVNSRKRRKEA,0.99,"(8, 18)"
40, P83837,KKRRKSRK,0.98,"(22, 30)"
41, Q0E671,NSTSPKRRKSRHI,0.99,"(19, 31)"
42, F1QH17_1,GKRRKT,0.83,"(684, 689)"
43, O73715,KRRKRKMS,0.98,"(260, 267)"
44, Q6PC60,KTQKKGDKKRRKTRK,0.98,"(21, 35)"
45, P22469,GKFQTELKKRRKNKLNRM,0.96,"(55, 72)"
46, P25439_2,RKRRKRKNR,0.71,"(373, 381)"
47, Q24143,EDKLIKRRKIETNRAKRRLMENGT,0.9,"(81, 104)"
48, Q24180,SASGPVRLFTPYKRRKRNQ,0.72,"(310, 328)"
49, Q5LJZ2_2,KKRRKD,0.79,"(375, 380)"
50, Q8IRW8_2,DQRKRRKREVQKPRRTNL,0.9,"(245, 262)"
51, Q8SYK5,KRRK,0.84,"(206, 209)"
52, Q9NDJ2_1,PKRRKLAPRD,0.81,"(793, 802)"
53, Q9V9W8,CPPDFKPPPPTDIISAPSNPKKRRKTSSAANSAAAVAAAAAAAAAA,0.82,"(20, 65)"
54, Q9VVR6,KRRKKS,0.93,"(174, 179)"
55, Q7YZH1_1,PPTKRRKGR,0.99,"(33, 41)"
56, Q8SXD4_1,SPSKRRKLE,0.96,"(662, 670)"
57, P0C1H4,KTQKKGDKKRRKSRK,0.98,"(21, 35)"
58, P53352,KNRKRRKRPSALRG,0.93,"(62, 75)"
59, Q90Z72,EKKDAMYWEKRRKNNE,0.98,"(70, 85)"
60, Q9PSW9,KTQKKGDKKRRKTRK,0.98,"(21, 35)"
61, O93602,KRRK,0.96,"(336, 339)"
62, P51509,KRRKPP,0.93,"(446, 451)"
63, O14981_1,TDGEPEEKRRKIA,0.91,"(238, 250)"
64, O15047_2,PPPKKRRKTVS,0.96,"(137, 147)"
65, O15527,DLRQSRHAQEPPAKRRKGSKGP,0.82,"(322, 343)"
66, O43679,KRRKRKN,0.98,"(256, 262)"
67, O43680,QKGRGGLGKRRKAPTKKSPLSGVSQEGKQVQRN,0.98,"(50, 82)"
68, O60315_1,DGPRCKRRKQANPRRKNVVN,0.99,"(8, 27)"
69, O75164_1,KKRRKR,0.91,"(834, 839)"
70, O75398,KRRKKE,0.96,"(301, 306)"
71, O75582,MTPDILGSSGAAVHTCVKATFHAFNKYKREGFCLQNVDKAPLAKRRKMKKTSTSTETRSSSSESS,0.72,"(699, 763)"
72, O75593,PKRRKKRYLRHDKPPYT,0.99,"(21, 37)"
73, O95935,QKKRRKLG,0.96,"(35, 42)"
74, P15336,KRRK,0.96,"(354, 357)"
75, P15822_2,TPQIRKRRKMKSV,0.99,"(3, 15)"
76, P21127,KKRRK,0.96,"(20, 24)"
77, P23497,KRRKKRRHR,0.91,"(532, 540)"
78, P28715_2,GKKRRKLRRARGRKRK,0.8,"(148, 163)"
79, P31629_1,RKRRKEK,0.88,"(695, 701)"
80, P35869,ITYASRKRRKPVQKTVKPI,0.99,"(8, 26)"
81, P37275_1,MADGPRCKRRKQANPRRNNVTN,0.99,"(1, 22)"
82, P40617,IKRRKMLRQQKKKR,0.97,"(187, 200)"
83, P46379_2,MPAKRRKT,0.98,"(24, 31)"
84, P49137,IKIKKIEDASNPLLLKRRKKARALEAAALAH,0.88,"(370, 400)"
85, P49585,NARKRRKE,0.99,"(10, 17)"
86, P54132_2,QRSKRRKTA,0.96,"(321, 329)"
87, P62241,KRRK,0.99,"(10, 13)"
88, Q00653,LVEDKEEVQRKRRKA,0.95,"(328, 342)"
89, Q01201,HGIESKRRKKKPAI,0.77,"(428, 441)"
90, Q09161,QPHKRRKT,0.99,"(14, 21)"
91, Q13342,KPKRKRRKKRGHGWSRMRMRRQE,0.95,"(494, 516)"
92, Q13573,GKKRRK,0.93,"(530, 535)"
93, Q14527,IKEKSKFRMSELSSSRPKRRKTAVQYIESS,0.91,"(369, 398)"
94, Q14692_1,GIKRRK,0.94,"(482, 487)"
95, Q16533,TASKKRRKH,0.88,"(360, 368)"
96, Q16644,VKIKDLKTSNNRLLNKRRKKQAGS,0.97,"(349, 372)"
97, Q2TAK8,KRRKE,0.96,"(31, 35)"
98, Q5QGS0_1,EWCPKKRRKVTRKEPPVIIKYIIINRFKGEKNMLVKLGKVD,0.7,"(522, 562)"
99, Q5VTB9,DRYQTFLRVRANRQTRLNARIGKMKRRK,0.83,"(299, 326)"
100, Q5VUG0,KPARRRKRRKSIFVQKKRRSS,0.97,"(687, 707)"
101, Q68CJ6,KERTRKRRKSDR,0.98,"(21, 32)"
102, Q68DK7,VFSKRHAKLELDEKRRKRWDIQRIREQRILQRLQLRMYKKKGIQESEPEVTSFF,0.95,"(502, 555)"
103, Q6NYC1,EHPKRRKL,0.98,"(139, 146)"
104, Q6PL18_2,TIKKRRKI,0.98,"(154, 161)"
105, Q6STE5,RSRSAKRRK,0.95,"(94, 102)"
106, Q6X4W1,ERKRRKRE,0.98,"(244, 251)"
107, Q6ZN18,MNKRRKLKNKRRRSLPR,0.96,"(377, 393)"
108, Q7RTP6_1,KRRK,0.9,"(680, 683)"
109, Q7Z2Z1_1,RTRSAKKRRKNALIRHKSI,0.91,"(848, 866)"
110, Q7Z4V0,FQGKRRKYIINKCR,0.91,"(396, 409)"
111, Q7Z699,KIKKSKRRK,0.81,"(319, 327)"
112, Q7Z6E9_1,KGNKHKKHRKRRKG,0.7,"(929, 942)"
113, Q86V15_2,GAKKRFWIIEDMSPFGKRRKTASSRKML,0.95,"(376, 403)"
114, Q86W50,KRRKLEKPRK,0.98,"(301, 310)"
115, Q8IXF0,KHQKRKKRRKRQKGGSASRRR,0.97,"(596, 616)"
116, Q8IY92_1,RGLKRRGPTSKKEPRKRRKV,0.94,"(394, 413)"
117, Q8N5Y2,ATPKRRKAE,0.93,"(333, 341)"
118, Q8WW38_1,TRHDPPLKRSASNKVPAMQRTMRTRKRRKMYEMC,0.95,"(712, 745)"
119, Q8WWQ0_2,KSALRFHKRNTITKRRKKRNR,0.94,"(404, 424)"
120, Q92826,CAFRRGRKKRIPYSKGQLRELEREYAANKFITKDKRRKISAA,0.91,"(211, 252)"
121, Q969H0,IDEPLHIKRRKVIKPGFI,0.87,"(330, 347)"
122, Q96JP5,PRKRGRRRKDDKSPRLPKRRKKPPIQYVR,0.98,"(284, 312)"
123, Q96KQ7_1,WVKPSRKRRKRE,0.97,"(352, 363)"
124, Q9BPZ7,VTMKEILLKAVKRRKG,0.77,"(299, 314)"
125, Q9BRD0,RKRRKKRPKPGGAGGKGMRIV,0.96,"(32, 52)"
126, Q9BZJ0,KLMPEKVKKRRKVQT,0.91,"(776, 790)"
127, Q9C0C9_2,VKPKKRRKSYRSFL,0.96,"(210, 223)"
128, Q9GZS1,DRLAKRRKI,0.97,"(410, 418)"
129, Q9H7L9,PDKRRKPAPA,0.98,"(196, 205)"
130, Q9H7T9,AALKRRKVQTHLIKPGTKMLT,0.97,"(18, 38)"
131, Q9H875,KRRKKRQKLKEKKLLAKKM,0.92,"(126, 144)"
132, Q9HB96,NRDSQQPGKRRKD,0.73,"(191, 203)"
133, Q9NPG3_1,KYGGKKRRKDRIQ,0.88,"(111, 123)"
134, Q9NSI6_3,KTKRRKTKGKAKVVRK,0.97,"(131, 146)"
135, Q9NW13,KKRRKVLALPSHRGPKIRLRDKGKVKPVHPKKPKPQ,0.92,"(665, 700)"
136, Q9NZM4_2,AKRRKSESPDVDQ,0.85,"(450, 462)"
137, Q9P267_2,DRQMRPPKPKRRKISR,0.93,"(457, 472)"
138, Q9UHJ3,CALKKASKRRKRRKNVFVHKKKRSSA,0.97,"(659, 684)"
139, Q9UIG0_2,KRRKLQ,0.89,"(96, 101)"
140, Q9ULG1_2,RVKERKRKREKYAEKKKKEDELDGKRRKEG,0.83,"(271, 300)"
141, Q9UNS1_1,LVVQNKQKKRRKKKKK,0.74,"(523, 538)"
142, Q9UQ88,EKKRRK,0.95,"(19, 24)"
143, Q9Y251,KRRKLR,0.77,"(427, 432)"
144, Q9Y3T9,EIKRRKMADRKDEDRKQFK,0.86,"(647, 665)"
145, Q96DN6,SPTARAAVPLPPRARPGRPAKNKRRKLAP,0.97,"(975, 1003)"
146, A2A884_1,TPLRKRRKEKSL,0.8,"(700, 711)"
147, E9PYH6_2,PPPKKRRKTVSF,0.97,"(144, 155)"
148, O08750,EKKDAMYWEKRRKNNE,0.98,"(70, 85)"
149, O88466_2,RKNKRRKIKGKKER,0.99,"(27, 40)"
150, O88621,TPKRRKKRYLRHDKPPYTYLAMIALVIQ,0.98,"(51, 78)"
151, P16951,EKRRK,0.95,"(335, 339)"
152, P30561,MSSGANITYASRKRRKPVQKTVKPI,0.99,"(1, 25)"
153, P40201_2,SKRRKTRAKKSKAMKSIKVK,0.81,"(307, 326)"
154, P49138,IKIKKIEDASNPLLLKRRKKARAVEDAALAH,0.91,"(356, 386)"
155, P70662,KRRKRKMS,0.98,"(295, 302)"
156, P97868_1,KGNKHKKHRKRRKG,0.72,"(930, 943)"
157, Q03172_2,RKRRKMKSV,0.98,"(1, 9)"
158, Q04863,IESKRRKKKPVFL,0.85,"(408, 420)"
159, Q2KHI9_1,KRSGTPKRKRRK,0.92,"(873, 884)"
160, Q3U1U7,MMIPSGECTYAGRKRRKPIQKRRL,0.99,"(1, 24)"
161, Q3UHF7_1,RKRRKEK,0.83,"(690, 696)"
162, Q3UMW7,VKIKDLKTSNNRLLNKRRKKQAGSSSASQGC,0.96,"(351, 381)"
163, Q3UYV9,QPHKRRKT,0.99,"(14, 21)"
164, Q5DU02,TWEPTKRELELLKHNPKRRKI,0.95,"(147, 167)"
165, Q62018_1,VSKKKKRRK,0.91,"(931, 939)"
166, Q64318_1,MADGPRCKRRKQANPRRNNVTN,0.99,"(1, 22)"
167, Q6PCN7,VCPKRRKISVQYIE,0.81,"(380, 393)"
168, Q6PDM1,VFSKRHAKLELDEKRRKRWDIQRIREQRILQRLQLRMYKKKGIQESEPEVTSF,0.95,"(504, 556)"
169, Q6ZPV2_2,RVKERKRKREKYAEKKKKEDELDGKRRKEGV,0.82,"(274, 304)"
170, Q8CCH7_1,TRHDPPLKRSASNKVPAMQRTMRTRKRRKMYEMC,0.94,"(712, 745)"
171, Q8CFE5_1,DKKKRTSGLATLKKKFIKRRKSNRSA,0.92,"(55, 80)"
172, Q8CJ27_2,RRWKRRKL,0.98,"(378, 385)"
173, Q8CJ27_2,KLYKRRKD,0.95,"(450, 457)"
174, Q8K202,DRQSKRRKM,0.98,"(473, 481)"
175, Q8R4U1,PPHKRRKGFPTRKRRGRWKSP,0.97,"(373, 393)"
176, Q8VBV4,LWREKCKEEGIDEPLHIKRRKIIKPGFI,0.76,"(323, 350)"
177, Q91ZP3,LGKKRRKRRRKAQ,0.98,"(151, 163)"
178, Q921C3_1,ISPPKRRRKRRKESKPKRESLRRMTPA,0.82,"(905, 931)"
179, Q923W1,RNKAKVKQKRRKHQKRYL,0.91,"(115, 132)"
180, Q99NF2,ERKRRKRE,0.98,"(246, 253)"
181, Q9CWV6,EEQTAKRRKKRQKLKEKKLLAKKM,0.86,"(121, 144)"
182, Q9D0R4,LVPAALRGLVHPRKKRRKVPFSRKAKKVKAQNPLRDFKHRGKKPKPAAKPS,0.97,"(496, 546)"
183, Q9EPZ6,QKKRRKLA,0.96,"(35, 42)"
184, Q9ERI5,EHPKRRKL,0.98,"(139, 146)"
185, Q9R1X4_1,RRQLYKKRRKKL,0.96,"(935, 946)"
186, Q9Z148_1,WVKPSRKRRKRE,0.97,"(405, 416)"
187, Q9Z1T5,KRRKKE,0.96,"(302, 307)"
188, Q9Z2D7,KRRKSKRKVT,0.72,"(214, 223)"
189, P70321,CAFRRGRKKRIPYSKGQLRELEREYAANKFITKDKRRKISAA,0.93,"(213, 254)"
190, Q6P8W9,KRRKRRKRDPKAPRKP,0.99,"(81, 96)"
191, Q01371_1,LLSNKKKRKRRKGG,0.97,"(914, 927)"
192, Q1K6U0,MDMKRRKTMM,0.86,"(606, 615)"
193, A2XKG2,AEIMILRERISDSKRIALTTMKEGGGHKKKRRKN,0.96,"(413, 446)"
194, Q0JHU7,TPSILKRRKRDKST,0.97,"(441, 454)"
195, Q53WJ1_1,TRVQKVDKLQNRKSSKKGRRGGMMKRRKL,0.94,"(211, 239)"
196, Q6YUS3,RSGGAKRQQCKNLEAERKRRKKLNGHLYKLRSLVPNITKMDRASILGDAID,0.98,"(275, 325)"
197, Q0DLB9,RSHQVQLKKRKKEQKRERPAKRRKIPAKR,0.95,"(563, 591)"
198, Q0JEE2,CSKRRKHRVKRTIRVPAISSK,0.95,"(221, 241)"
199, Q6F388,KSIKRRK,0.98,"(123, 129)"
200, Q7FAD5,RITKRRKTK,0.78,"(802, 810)"
201, O88450,KRRKKE,0.96,"(301, 306)"
202, P19836,VNSRKRRKEV,0.99,"(9, 18)"
203, Q00900_1,RKRRKEK,0.8,"(695, 701)"
204, Q00969,KRRKFLERNRAAASR,0.96,"(336, 350)"
205, Q9EPI6,ERKRRKRE,0.98,"(246, 253)"
206, Q9Z2Y1_1,KKRRKKL,0.88,"(942, 948)"
207, Q9Z330_1,REEKRRKTTRKKPE,0.87,"(316, 329)"
208, Q75NT5,ECTYAGRKRRKPIQKRRLT,0.99,"(7, 25)"
209, D3ZGX1_1,WCPKKRRKVTRKEPPVIIKYIIINRFKGEKNMLVKLGKVD,0.72,"(524, 563)"
210, Q9QXY4,EVRKRRKVE,0.93,"(424, 432)"
211, P10962,AKRRKK,0.93,"(271, 276)"
212, P22276_1,KRRKT,0.98,"(6, 10)"
213, P23615_1,KKRRKHKRRER,0.97,"(77, 87)"
214, P29539_1,PTPKRRKLA,0.98,"(58, 66)"
215, P31376,KRKRRKNA,0.92,"(425, 432)"
216, P32447,NDKKRRKIE,0.98,"(253, 261)"
217, P32862_1,STPQRSTKKRRKSYVSKKTKPKRDSS,0.98,"(468, 493)"
218, P32863,LTKRRKDA,0.89,"(100, 107)"
219, P34218,RKERVRKRRKIT,0.96,"(813, 824)"
220, P38110_1,FKRRKC,0.82,"(387, 392)"
221, P38961,TEKEELEKKRRKIA,0.79,"(365, 378)"
222, P45818,KMAKMTRKEKESIKNGKAHKERKQITTVPKMDKAKRRRQQEMIAASKRRKNEE,0.93,"(504, 556)"
223, P53115_1,HKRRK,0.97,"(423, 427)"
224, P53115_1,KRRKR,0.75,"(295, 299)"
225, P53148,SNKRRKLD,0.97,"(338, 345)"
226, P53911,PKRKRRKAGSRKNSPPATRVSSRLRNKK,0.9,"(398, 425)"
227, P89105_1,ESKRRKAAKKT,0.91,"(1003, 1013)"
228, Q03532,VPPKVNITIGASGKTPNTKRRKTHK,0.96,"(481, 505)"
229, Q04779,NYDLKRRKII,0.98,"(45, 54)"
230, Q05022_2,KKHKHKRRKENVVQDKT,0.89,"(412, 428)"
231, Q06164_1,KPQKKRRKKKAPI,0.86,"(508, 520)"
232, Q06554_1,RKPSRKRRKKNSN,0.96,"(155, 167)"
233, Q06679,KRRKQKKRTHE,0.95,"(667, 677)"
234, Q08465,IANQRSKSKRQKRRK,0.97,"(205, 219)"
235, Q12024,AARKRRKLTMKDGTIRRRAPL,0.98,"(260, 280)"
236, P33750,IKRREANERRTRKDMPYISERKKQIVGTVHKYEDSGRDRKRRKEDDKRDTQEK,0.92,"(437, 489)"
237, P39933,KISNRLRKRRKLTEN,0.95,"(317, 331)"
238, P53150,SPGKRMKRRKT,0.96,"(261, 271)"
239, P53946,WIKDKRLKLNKLIKRRKEKLKLRDEMKDRKSQVSQNRMKNLASLA,0.86,"(460, 504)"
240, Q12345,RTKRRKINKN,0.97,"(234, 243)"
241, P46997,KEPKGMKRRKKDDIS,0.86,"(400, 414)"
242, Q06149,GKKGKRRKVIKSCA,0.98,"(19, 32)"
243, Q12340,KKAQKRRKPIKSCA,0.98,"(19, 32)"
244, P53287,NKRKRRKT,0.73,"(91, 98)"
245, O13710_1,LRPSKRRKSN,0.99,"(4, 13)"
246, O60016,KRRKRRLKGS,0.97,"(58, 67)"
247, O74309,SPESKRRKCPKKFVARPPVPHPTSLYSQIRIGCPYLKPKLV,0.94,"(422, 462)"
248, O74736,TKRRKN,0.96,"(185, 190)"
249, P36626,RALKRRKVQK,0.96,"(281, 290)"
250, P39964,KRRKLNLPSPT,0.81,"(308, 318)"
251, Q7LL22,VSPKRRKNLFEKYGKTDL,0.87,"(170, 187)"
252, Q96WV9,KRRKREQRDA,0.8,"(362, 371)"
253, Q9HFF5_2,KSDKKSSRRRKNEKRRKLNEQ,0.96,"(113, 133)"
254, Q9Y7U4,RGRKRRKG,0.98,"(63, 70)"
255, O94290,REKRRKLK,0.88,"(177, 184)"
256, O94397,PPKRRKT,0.89,"(163, 169)"
257, Q10148,TKRRKIR,0.89,"(45, 51)"
258, Q12381,KRRKSQREKQEQLQKEKYEKENPKVSSQ,0.88,"(102, 129)"
259, Q9UUB5,SKRRKSS,0.98,"(23, 29)"
260, O14196,RRKRRKVRK,0.98,"(79, 87)"
261, O42948_1,GDLVVYEIAKRRKVVSKE,0.83,"(919, 936)"
262, O43013,SPSKRKRRPSKEPSLSPKRRKNI,0.98,"(44, 66)"
263, Q09779_2,REEKRRK,0.93,"(598, 604)"
264, Q10076,MEATEQIGTIGTDGSMKRRKRRQPSNRKTSVPRSPGGKSFVCPECSKKFKRSEHLRRHIRSLHTSEKPFVCICGKRFSRRDNLRQHERLHVNASPRLACFFQPSG,0.98,"(384, 488)"
265, Q9C106,HPTKRRKRAV,0.97,"(227, 236)"
266, Q9UTL9_1,DRTKRRKIEKEA,0.99,"(2, 13)"
267, Q9UU79,EKRRKEK,0.93,"(52, 58)"
268, O14291,RKRRKGVKEKKILKT,0.87,"(241, 255)"
269, P30757,KAKAARTGDKKRRKRRK,0.99,"(16, 32)"
270, P16890,GKKRRKRRKE,0.99,"(8, 17)"
271, B6KG46,KKRRK,0.99,"(3, 7)"
272, P25032,AKRRKSGAAK,0.93,"(156, 165)"
273, P27727_1,AKRRKPRKSGK,0.77,"(60, 70)"
274, P02281,KTQKKDGKKRRKSRK,0.98,"(21, 35)"
275, P70060,KRRKRKMS,0.98,"(259, 266)"
276, P06900,KTPKKDGKKRRKSRK,0.98,"(21, 35)"
277, P18119,RLAKRKLIEENREKRRKDEIQKSIVQRPEPTQE,0.76,"(138, 170)"
278, Q563C3,KQKRRKRKVAIIEKSDLDEWAAFM,0.88,"(231, 254)"
279, P51510,IEMKRRKVR,0.81,"(383, 391)"
280, P46605,AAKRRKMSRASNKS,0.95,"(103, 116)"
281, Q75VN4,KVQKKDGKKRRKSRKE,0.98,"(21, 36)"
